W,L/D,theta,R,iso,pso
3.63,0.25,0,2.13,751.87,2672.82
3.63,0.25,0,3.35,307.99,858.47
3.63,0.25,0,4.88,108.8,111.7
3.63,0.25,0,6.4,76.88,59.02
3.63,0.25,0,7.92,61.16,36.54
3.63,0.25,0,9.45,51.92,25.44
3.63,0.25,0,2.13,716.64,3948.22
3.63,0.25,0,3.35,305.78,693.89
3.63,0.25,0,4.88,109.01,170.78
3.63,0.25,0,6.4,46.33,44.88
3.63,0.25,0,7.92,61.02,40.2
3.63,0.25,0,9.45,48.13,25.37
3.63,0.25,22.5,2.13,184.02,615.43
3.63,0.25,22.5,3.35,138.79,338.88
3.63,0.25,22.5,4.88,98.53,108.39
3.63,0.25,22.5,6.4,75.15,66.4
3.63,0.25,22.5,7.92,56.47,36.47
3.63,0.25,22.5,9.45,47.78,25.23
3.63,0.25,22.5,2.13,217.32,1003.19
3.63,0.25,22.5,3.35,124.31,321.71
3.63,0.25,22.5,4.88,95.63,112.66
3.63,0.25,22.5,6.4,67.36,45.02
3.63,0.25,22.5,7.92,56.74,36.82
3.63,0.25,22.5,9.45,45.78,25.58
3.63,0.25,45,2.13,123.83,303.02
3.63,0.25,45,3.35,109.01,129.83
3.63,0.25,45,4.88,107.77,55.92
3.63,0.25,45,6.4,79.84,40.4
3.63,0.25,45,7.92,63.91,26.61
3.63,0.25,45,9.45,57.5,22.41
3.63,0.25,45,2.13,125.42,281.31
3.63,0.25,45,3.35,116.31,115.63
3.63,0.25,45,4.88,102.11,64.47
3.63,0.25,45,6.4,76.6,36.96
3.63,0.25,45,7.92,63.36,26.96
3.63,0.25,45,9.45,52.68,20.27
3.63,0.25,45,2.13,121.62,278.2
3.63,0.25,45,3.35,122.24,133.9
3.63,0.25,45,4.88,102.8,57.36
3.63,0.25,45,6.4,78.26,38.75
3.63,0.25,45,7.92,62.33,26.27
3.63,0.25,45,9.45,56.19,24.13
3.63,0.25,67.5,2.13,128.38,189.26
3.63,0.25,67.5,3.35,103.42,136.24
3.63,0.25,67.5,4.88,82.05,59.43
3.63,0.25,67.5,6.4,71.64,45.37
3.63,0.25,67.5,7.92,59.85,29.23
3.63,0.25,67.5,9.45,54.19,24.34
3.63,0.25,67.5,2.13,133,191.67
3.63,0.25,67.5,3.35,105.15,124.38
3.63,0.25,67.5,4.88,84.81,71.15
3.63,0.25,67.5,6.4,66.47,42.61
3.63,0.25,67.5,7.92,58.33,30.06
3.63,0.25,67.5,9.45,50.54,22.48
3.63,0.25,90,2.13,120.93,202.84
3.63,0.25,90,3.35,85.63,70.46
3.63,0.25,90,4.88,83.43,35.58
3.63,0.25,90,6.4,67.29,39.99
3.63,0.25,90,7.92,56.67,28.41
3.63,0.25,90,9.45,53.3,23.92
3.63,0.25,90,2.13,134.31,335.09
3.63,0.25,90,3.35,87.84,73.22
3.63,0.25,90,4.88,74.12,37.58
3.63,0.25,90,6.4,62.95,33.99
3.63,0.25,90,7.92,55.36,27.23
3.63,0.25,90,9.45,47.44,21.51
3.63,0.25,90,2.13,143,315.57
3.63,0.25,90,3.35,90.67,76.6
3.63,0.25,90,4.88,79.63,38.06
3.63,0.25,90,6.4,57.5,21.65
3.63,0.25,90,7.92,57.02,26.61
3.63,0.25,90,9.45,49.92,20.55
3.63,0.25,90,2.13,110.52,239.94
3.63,0.25,90,3.35,94.8,83.15
3.63,0.25,90,4.88,88.12,37.71
3.63,0.25,90,6.4,73.29,42.33
3.63,0.25,90,7.92,57.78,28.2
3.63,0.25,90,9.45,53.64,23.86
3.63,0.25,112.5,2.13,135.83,178.09
3.63,0.25,112.5,3.35,108.45,129.21
3.63,0.25,112.5,4.88,85.22,72.19
3.63,0.25,112.5,6.4,64.74,42.89
3.63,0.25,112.5,7.92,58.26,29.99
3.63,0.25,112.5,9.45,50.81,23.1
3.63,0.25,112.5,2.13,128.17,184.16
3.63,0.25,112.5,3.35,110.04,133.83
3.63,0.25,112.5,4.88,75.5,61.36
3.63,0.25,112.5,6.4,65.36,44.82
3.63,0.25,112.5,7.92,55.85,28.27
3.63,0.25,112.5,9.45,51.09,22.13
3.63,0.25,135,2.13,159.96,338.12
3.63,0.25,135,3.35,99.01,129.83
3.63,0.25,135,4.88,100.8,56.88
3.63,0.25,135,6.4,75.98,36.89
3.63,0.25,135,7.92,62.33,26.54
3.63,0.25,135,9.45,55.02,19.58
3.63,0.25,135,2.13,133.83,280.82
3.63,0.25,135,3.35,142.38,131.35
3.63,0.25,135,4.88,97.29,56.12
3.63,0.25,135,6.4,81.84,42.33
3.63,0.25,135,7.92,64.81,27.17
3.63,0.25,135,9.45,55.57,21.44
3.63,0.25,135,2.13,146.86,291.99
3.63,0.25,135,3.35,121.69,118.25
3.63,0.25,135,4.88,99.49,65.84
3.63,0.25,135,6.4,59.29,30.06
3.63,0.25,135,7.92,61.98,25.65
3.63,0.25,135,9.45,51.3,19.86
3.63,0.25,157.5,2.13,248.97,1014.56
3.63,0.25,157.5,3.35,150.03,319.5
3.63,0.25,157.5,4.88,93.63,108.25
3.63,0.25,157.5,6.4,73.7,55.78
3.63,0.25,157.5,7.92,57.3,34.2
3.63,0.25,157.5,9.45,47.3,24.68
3.63,0.25,157.5,2.13,216.01,975.4
3.63,0.25,157.5,3.35,147.07,372.59
3.63,0.25,157.5,4.88,91.91,96.04
3.63,0.25,157.5,6.4,73.98,63.43
3.63,0.25,157.5,7.92,56.47,36.4
3.63,0.25,157.5,9.45,45.16,24.41
3.63,0.25,180,2.13,883.98,3158.35
3.63,0.25,180,3.35,243.04,310.68
3.63,0.25,180,4.88,120.73,160.99
3.63,0.25,180,6.4,81.84,72.53
3.63,0.25,180,7.92,59.64,32.54
3.63,0.25,180,9.45,49.37,22.75
3.63,0.25,180,2.13,527.04,1973
3.63,0.25,180,3.35,231.8,1041.25
3.63,0.25,180,4.88,133,87.91
3.63,0.25,180,6.4,91.49,46.19
3.63,0.25,180,7.92,64.67,12.89
3.63,0.25,180,9.45,55.16,25.37
3.63,0.5,0,3.35,222.63,595.71
3.63,0.5,0,4.88,107.83,117
3.63,0.5,0,6.4,74.67,68.53
3.63,0.5,0,7.92,50.88,33.99
3.63,0.5,0,9.45,45.85,24.82
3.63,0.5,45,2.13,189.33,378.11
3.63,0.5,45,3.35,139.21,159.82
3.63,0.5,45,4.88,110.87,83.5
3.63,0.5,45,6.4,85.56,57.02
3.63,0.5,45,7.92,68.6,36.27
3.63,0.5,45,9.45,59.09,28.13
3.63,0.5,90,2.13,146.24,402.86
3.63,0.5,90,3.35,100.73,138.38
3.63,0.5,90,4.88,62.67,44.54
3.63,0.5,90,6.4,67.43,40.75
3.63,0.5,90,7.92,50.12,25.58
3.63,0.5,90,9.45,47.5,24.06
3.63,0.5,90,2.13,249.66,586.68
3.63,0.5,90,3.35,97.22,106.52
3.63,0.5,90,4.88,81.29,51.09
3.63,0.5,90,6.4,64.95,27.37
3.63,0.5,90,7.92,57.16,20.96
3.63,0.5,90,9.45,47.37,17.24
3.63,0.5,90,2.13,326.6,572.33
3.63,0.5,90,3.35,191.88,122.73
3.63,0.5,90,4.88,172.78,45.23
3.63,0.5,90,6.4,138.31,30.75
3.63,0.5,90,7.92,117.83,21.24
3.63,0.5,90,9.45,96.73,17.24
3.63,0.5,135,2.13,175.2,471.39
3.63,0.5,135,3.35,134.03,152.72
3.63,0.5,135,4.88,106.87,83.36
3.63,0.5,135,6.4,78.53,48.13
3.63,0.5,135,7.92,64.26,34.2
3.63,0.5,135,9.45,54.54,25.58
3.63,0.5,180,2.13,181.26,468.91
3.63,0.5,180,3.35,40.89,63.43
3.63,0.5,180,4.88,39.64,24.48
3.63,0.5,180,6.4,43.44,16.96
3.63,0.5,180,7.92,28.34,9.03
3.63,0.5,180,9.45,37.51,10.34
3.63,0.5,180,2.13,1028.77,1038.42
3.63,0.5,180,3.35,345.29,233.18
3.63,0.5,180,4.88,174.78,129.14
3.63,0.5,180,6.4,141.07,25.1
3.63,0.5,180,7.92,110.04,25.1
3.63,0.5,180,9.45,127.48,23.03
3.63,1,0,2.13,404.17,2302.37
3.63,1,0,3.35,180.44,333.64
3.63,1,0,4.88,93.84,54.47
3.63,1,0,6.4,86.12,34.96
3.63,1,0,7.92,64.67,19.72
3.63,1,0,9.45,58.05,15.86
3.63,1,0,3.35,210.77,424.3
3.63,1,0,4.88,99.28,90.53
3.63,1,0,6.4,81.08,48.06
3.63,1,0,7.92,62.6,23.58
3.63,1,0,9.45,55.5,16.06
3.63,1,0,2.13,416.31,1953.08
3.63,1,0,3.35,232.49,508.01
3.63,1,0,4.88,98.46,93.22
3.63,1,0,6.4,75.57,34.06
3.63,1,0,7.92,64.12,25.17
3.63,1,0,9.45,56.12,16.13
3.63,1,0,2.13,263.66,1732.1
3.63,1,0,3.35,210.98,440.23
3.63,1,0,4.88,100.66,111.35
3.63,1,0,6.4,70.53,44.2
3.63,1,0,7.92,64.53,26.27
3.63,1,0,9.45,52.68,16.75
3.63,1,0,2.13,484.49,1968.87
3.63,1,0,3.35,194.78,428.72
3.63,1,0,4.88,122.24,98.46
3.63,1,0,6.4,80.05,48.4
3.63,1,0,7.92,67.09,25.03
3.63,1,0,9.45,57.23,16.82
3.63,1,22.5,2.13,102.04,345.29
3.63,1,22.5,3.35,107.49,200.71
3.63,1,22.5,4.88,99.35,67.15
3.63,1,22.5,6.4,47.92,22.27
3.63,1,22.5,7.92,70.6,22.68
3.63,1,22.5,9.45,57.57,15.86
3.63,1,22.5,2.13,141.48,580.54
3.63,1,22.5,3.35,103.21,208.5
3.63,1,22.5,4.88,98.04,85.91
3.63,1,22.5,6.4,81.7,44.26
3.63,1,22.5,7.92,64.47,26.06
3.63,1,22.5,9.45,56.47,17.17
3.63,1,22.5,2.13,103.49,493.04
3.63,1,22.5,3.35,106.18,178.3
3.63,1,22.5,4.88,96.25,79.22
3.63,1,22.5,6.4,65.91,33.51
3.63,1,22.5,7.92,65.57,25.37
3.63,1,22.5,9.45,52.68,16.06
3.63,1,45,2.13,189.61,422.17
3.63,1,45,3.35,149.41,188.43
3.63,1,45,4.88,88.94,75.15
3.63,1,45,6.4,74.33,60.88
3.63,1,45,7.92,71.08,37.37
3.63,1,45,9.45,59.36,27.65
3.63,1,45,2.13,154.65,551.86
3.63,1,45,3.35,137.41,173.89
3.63,1,45,4.88,117.49,99.42
3.63,1,45,6.4,84.25,54.19
3.63,1,45,7.92,67.57,36.75
3.63,1,45,9.45,55.99,25.58
3.63,1,45,2.13,183.54,446.99
3.63,1,45,3.35,146.44,171.47
3.63,1,45,4.88,120.66,100.59
3.63,1,45,6.4,90.39,63.5
3.63,1,45,7.92,71.57,41.02
3.63,1,45,9.45,55.78,27.72
3.63,1,67.5,2.13,165.34,329.43
3.63,1,67.5,3.35,125.07,131.28
3.63,1,67.5,4.88,90.87,57.02
3.63,1,67.5,6.4,50.26,46.88
3.63,1,67.5,7.92,64.88,30.13
3.63,1,67.5,9.45,52.68,22.06
3.63,1,67.5,2.13,167.54,677
3.63,1,67.5,3.35,111.01,133.76
3.63,1,67.5,4.88,101.9,68.67
3.63,1,67.5,6.4,75.08,44.13
3.63,1,67.5,7.92,62.4,30.68
3.63,1,67.5,9.45,50.88,23.37
3.63,1,67.5,2.13,168.44,649.14
3.63,1,67.5,3.35,119.07,130.86
3.63,1,67.5,4.88,92.53,61.98
3.63,1,67.5,6.4,67.09,37.65
3.63,1,67.5,7.92,59.78,29.72
3.63,1,67.5,9.45,49.09,21.86
3.63,1,90,2.13,221.11,625.56
3.63,1,90,3.35,126.73,145.41
3.63,1,90,4.88,95.01,65.22
3.63,1,90,6.4,64.12,34.13
3.63,1,90,7.92,53.5,23.58
3.63,1,90,9.45,45.92,17.44
3.63,1,90,2.13,186.78,551.17
3.63,1,90,3.35,96.73,128.45
3.63,1,90,4.88,75.08,56.26
3.63,1,90,6.4,59.36,31.16
3.63,1,90,7.92,50.95,21.03
3.63,1,90,9.45,47.02,16.62
3.63,1,90,2.13,231.32,568.54
3.63,1,90,3.35,128.52,158.23
3.63,1,90,4.88,78.88,59.85
3.63,1,90,6.4,77.15,42.61
3.63,1,90,7.92,54.95,23.92
3.63,1,90,9.45,52.19,20.06
3.63,1,90,2.13,205.26,543.24
3.63,1,90,3.35,118.18,173.33
3.63,1,90,4.88,77.98,59.16
3.63,1,90,6.4,74.95,44.33
3.63,1,90,7.92,56.61,24.61
3.63,1,90,9.45,49.64,18.75
3.63,1,90,2.13,652.93,1589.31
3.63,1,90,3.35,124.24,230.97
3.63,1,90,4.88,85.56,66.47
3.63,1,90,6.4,65.43,36.61
3.63,1,90,7.92,55.23,24.34
3.63,1,90,9.45,52.4,18.13
3.63,1,90,2.13,194.91,547.65
3.63,1,90,3.35,105.28,143.34
3.63,1,90,4.88,86.18,64.95
3.63,1,90,6.4,69.15,38.61
3.63,1,90,7.92,57.71,25.03
3.63,1,90,9.45,46.82,17.44
3.63,1,90,2.13,213.05,618.87
3.63,1,90,3.35,108.04,166.3
3.63,1,90,4.88,85.15,58.12
3.63,1,90,6.4,69.09,41.3
3.63,1,90,7.92,57.02,24.89
3.63,1,90,9.45,50.47,19.79
3.63,1,90,2.13,197.67,523.66
3.63,1,90,3.35,109.08,148.1
3.63,1,90,4.88,86.81,65.09
3.63,1,90,6.4,69.43,34.47
3.63,1,90,7.92,63.43,26.89
3.63,1,90,9.45,50.26,18.41
3.63,1,112.5,2.13,239.87,432.58
3.63,1,112.5,3.35,131,138.24
3.63,1,112.5,4.88,81.63,79.77
3.63,1,112.5,6.4,102.18,56.61
3.63,1,112.5,7.92,59.92,30.13
3.63,1,112.5,9.45,57.98,25.23
3.63,1,112.5,2.13,155.27,445.26
3.63,1,112.5,3.35,124.52,137.41
3.63,1,112.5,4.88,83.63,77.08
3.63,1,112.5,6.4,68.33,53.3
3.63,1,112.5,7.92,59.09,28.48
3.63,1,112.5,9.45,53.3,25.23
3.63,1,112.5,2.13,155.2,340.12
3.63,1,112.5,3.35,119.9,156.17
3.63,1,112.5,4.88,95.7,72.6
3.63,1,112.5,6.4,75.64,50.12
3.63,1,112.5,7.92,60.95,31.1
3.63,1,112.5,9.45,53.23,25.65
3.63,1,135,2.13,152.31,409.27
3.63,1,135,3.35,128.73,164.16
3.63,1,135,4.88,98.46,82.12
3.63,1,135,6.4,76.67,46.95
3.63,1,135,7.92,66.26,33.58
3.63,1,135,9.45,55.78,25.23
3.63,1,135,2.13,190.02,513.45
3.63,1,135,3.35,127.97,189.61
3.63,1,135,4.88,93.49,91.15
3.63,1,135,6.4,80.67,53.64
3.63,1,135,7.92,62.81,31.03
3.63,1,135,9.45,54.81,25.1
3.63,1,135,2.13,163.2,421.41
3.63,1,135,3.35,142.65,182.57
3.63,1,135,4.88,93.29,72.6
3.63,1,135,6.4,76.6,54.26
3.63,1,135,7.92,61.23,32.34
3.63,1,135,9.45,53.5,26.06
3.63,1,157.5,2.13,292.96,573.99
3.63,1,157.5,3.35,136.24,157.27
3.63,1,157.5,4.88,78.81,58.81
3.63,1,157.5,6.4,83.7,32.2
3.63,1,157.5,7.92,60.19,24.61
3.63,1,157.5,9.45,60.12,20.96
3.63,1,157.5,2.13,151.34,818.89
3.63,1,157.5,3.35,107.35,168.23
3.63,1,157.5,4.88,92.53,70.74
3.63,1,157.5,6.4,79.36,37.23
3.63,1,157.5,7.92,64.6,20.75
3.63,1,157.5,9.45,56.05,16.06
3.63,1,157.5,2.13,171.06,342.88
3.63,1,157.5,3.35,96.6,141.76
3.63,1,157.5,4.88,81.22,57.43
3.63,1,157.5,6.4,75.98,37.51
3.63,1,157.5,7.92,63.71,27.17
3.63,1,157.5,9.45,58.81,22.27
3.63,1,180,2.13,294.13,911.69
3.63,1,180,3.35,132.66,248.21
3.63,1,180,4.88,109.76,77.01
3.63,1,180,6.4,77.01,36.82
3.63,1,180,7.92,63.71,22.68
3.63,1,180,9.45,56.54,14.89
3.63,1,180,2.13,284.13,1055.93
3.63,1,180,3.35,121.49,85.63
3.63,1,180,4.88,79.7,24.55
3.63,1,180,6.4,75.91,39.78
3.63,1,180,7.92,65.36,22.41
3.63,1,180,9.45,58.19,15.86
3.63,1,180,2.13,262.21,885.43
3.63,1,180,3.35,124.66,217.39
3.63,1,180,4.88,87.01,81.84
3.63,1,180,6.4,76.05,41.58
3.63,1,180,7.92,66.05,21.86
3.63,1,180,9.45,56.88,15.72
3.63,2,0,2.13,253.52,979.06
3.63,2,0,3.35,138.52,219.53
3.63,2,0,4.88,106.8,65.22
3.63,2,0,6.4,65.43,27.58
3.63,2,0,7.92,65.22,18.48
3.63,2,0,9.45,53.3,11.86
3.63,2,0,2.13,139.48,833.37
3.63,2,0,3.35,120.04,320.33
3.63,2,0,4.88,108.94,71.29
3.63,2,0,6.4,91.63,35.65
3.63,2,0,7.92,70.4,17.86
3.63,2,0,9.45,37.65,11.24
3.63,2,45,2.13,172.23,340.67
3.63,2,45,3.35,153.55,185.19
3.63,2,45,4.88,110.52,97.29
3.63,2,45,6.4,78.95,53.5
3.63,2,45,7.92,65.78,37.71
3.63,2,45,9.45,51.57,24.55
3.63,2,90,2.13,204.15,759.73
3.63,2,90,3.35,116.66,186.92
3.63,2,90,4.88,87.22,75.7
3.63,2,90,6.4,61.02,40.06
3.63,2,90,7.92,54.47,27.58
3.63,2,90,9.45,43.02,18.41
3.63,2,90,2.13,226.35,787.66
3.63,2,90,3.35,112.87,194.91
3.63,2,90,4.88,84.81,66.81
3.63,2,90,6.4,67.36,46.06
3.63,2,90,7.92,50.68,27.1
3.63,2,90,9.45,48.95,23.03
3.63,2,90,2.13,345.63,1042.35
3.63,2,90,3.35,73.98,196.85
3.63,2,90,4.88,78.12,28.82
3.63,2,90,6.4,76.88,38.89
3.63,2,90,7.92,61.36,29.16
3.63,2,90,9.45,47.44,18.89
3.63,2,135,2.13,149.13,347.15
3.63,2,135,3.35,127.62,155.06
3.63,2,135,4.88,91.49,69.57
3.63,2,135,6.4,74.6,51.71
3.63,2,135,7.92,61.57,32.34
3.63,2,135,9.45,55.5,24.61
3.63,2,180,2.13,190.16,475.26
3.63,2,180,3.35,93.77,121.76
3.63,2,180,4.88,88.32,42.75
3.63,2,180,6.4,76.46,27.3
3.63,2,180,7.92,63.78,15.17
3.63,2,180,9.45,58.54,12.13
3.63,3,0,2.13,144.38,1089.65
3.63,3,0,3.35,118.93,464.71
3.63,3,0,4.88,78.32,61.98
3.63,3,0,6.4,73.5,24.68
3.63,3,0,7.92,65.91,13.51
3.63,3,0,9.45,55.99,9.17
3.63,3,45,2.13,157.68,302.68
3.63,3,45,3.35,141.14,159.13
3.63,3,45,4.88,110.66,92.18
3.63,3,45,6.4,80.6,55.09
3.63,3,45,7.92,66.47,36.13
3.63,3,45,9.45,55.09,27.17
3.63,3,90,2.13,186.99,420.51
3.63,3,90,3.35,120.24,132.1
3.63,3,90,4.88,90.46,70.74
3.63,3,90,6.4,67.71,48.81
3.63,3,90,7.92,53.43,29.92
3.63,3,90,9.45,44.61,21.93
3.63,3,90,2.13,234.7,860.74
3.63,3,90,3.35,123.55,230.15
3.63,3,90,4.88,82.6,66.67
3.63,3,90,6.4,64.33,47.78
3.63,3,90,7.92,51.5,28.61
3.63,3,90,9.45,46.88,22.96
3.63,3,90,2.13,397.76,1049.31
3.63,3,90,3.35,120.59,193.81
3.63,3,90,4.88,85.15,78.53
3.63,3,90,6.4,71.57,41.78
3.63,3,90,7.92,57.5,30.82
3.63,3,90,9.45,49.37,20.06
3.63,3,135,2.13,144.51,317.92
3.63,3,135,3.35,115.76,135.55
3.63,3,135,4.88,89.08,65.78
3.63,3,135,6.4,72.81,48.54
3.63,3,135,7.92,60.74,30.89
3.63,3,135,9.45,52.88,24.13
3.63,3,180,2.13,139.48,339.84
3.63,3,180,3.35,85.22,100.59
3.63,3,180,4.88,88.8,32.06
3.63,3,180,6.4,77.57,21.99
3.63,3,180,7.92,65.22,13.03
3.63,3,180,9.45,59.29,10.27
3.63,3,180,2.13,132.24,316.95
3.63,3,180,3.35,115.49,81.43
3.63,3,180,4.88,99.7,31.3
3.63,3,180,6.4,80.53,21.1
3.63,3,180,7.92,70.12,13.31
3.63,3,180,9.45,51.37,27.58
3.63,4,0,2.13,169.82,169.82
3.63,4,0,3.35,92.11,92.11
3.63,4,0,4.88,103.42,103.42
3.63,4,0,6.4,77.43,77.43
3.63,4,0,7.92,70.33,70.33
3.63,4,0,9.45,58.12,58.12
3.63,4,0,2.13,205.6,205.6
3.63,4,0,3.35,118.73,118.73
3.63,4,0,4.88,89.77,89.77
3.63,4,0,6.4,75.7,75.7
3.63,4,0,7.92,73.15,73.15
3.63,4,0,9.45,60.95,60.95
3.63,4,22.5,2.13,94.6,94.6
3.63,4,22.5,3.35,101.49,101.49
3.63,4,22.5,4.88,91.29,91.29
3.63,4,22.5,6.4,56.05,56.05
3.63,4,22.5,7.92,66.47,66.47
3.63,4,22.5,9.45,53.92,53.92
3.63,4,22.5,2.13,108.11,108.11
3.63,4,22.5,3.35,106.18,106.18
3.63,4,22.5,4.88,86.12,86.12
3.63,4,22.5,6.4,71.5,71.5
3.63,4,22.5,7.92,66.47,66.47
3.63,4,22.5,9.45,59.43,59.43
3.63,4,22.5,2.13,97.97,97.97
3.63,4,22.5,3.35,110.87,110.87
3.63,4,22.5,4.88,93.91,93.91
3.63,4,22.5,6.4,81.15,81.15
3.63,4,22.5,7.92,72.6,72.6
3.63,4,22.5,9.45,58.33,58.33
3.63,4,45,2.13,153.48,153.48
3.63,4,45,3.35,130.52,130.52
3.63,4,45,4.88,114.59,114.59
3.63,4,45,6.4,85.01,85.01
3.63,4,45,7.92,62.67,62.67
3.63,4,45,9.45,55.99,55.99
3.63,4,45,2.13,148.72,148.72
3.63,4,45,3.35,130.72,130.72
3.63,4,45,4.88,104.59,104.59
3.63,4,45,6.4,79.57,79.57
3.63,4,45,7.92,65.84,65.84
3.63,4,45,9.45,58.26,58.26
3.63,4,67.5,2.13,160.79,160.79
3.63,4,67.5,3.35,131.9,131.9
3.63,4,67.5,4.88,96.39,96.39
3.63,4,67.5,6.4,68.95,68.95
3.63,4,67.5,7.92,59.29,59.29
3.63,4,67.5,9.45,49.44,49.44
3.63,4,67.5,2.13,165.96,165.96
3.63,4,67.5,3.35,129.76,129.76
3.63,4,67.5,4.88,93.15,93.15
3.63,4,67.5,6.4,74.88,74.88
3.63,4,67.5,7.92,59.43,59.43
3.63,4,67.5,9.45,53.16,53.16
3.63,4,90,2.13,291.44,291.44
3.63,4,90,3.35,114.38,114.38
3.63,4,90,4.88,93.77,93.77
3.63,4,90,6.4,67.02,67.02
3.63,4,90,7.92,50.68,50.68
3.63,4,90,9.45,44.13,44.13
3.63,4,90,2.13,283.1,283.1
3.63,4,90,3.35,123.62,123.62
3.63,4,90,4.88,87.84,87.84
3.63,4,90,6.4,67.43,67.43
3.63,4,90,7.92,53.43,53.43
3.63,4,90,9.45,47.85,47.85
3.63,4,90,2.13,225.46,225.46
3.63,4,90,3.35,123,123
3.63,4,90,4.88,92.11,92.11
3.63,4,90,6.4,61.57,61.57
3.63,4,90,7.92,53.71,53.71
3.63,4,90,9.45,50.4,50.4
3.63,4,90,2.13,259.31,259.31
3.63,4,90,3.35,123,123
3.63,4,90,4.88,90.39,90.39
3.63,4,90,6.4,66.74,66.74
3.63,4,90,7.92,53.02,53.02
3.63,4,90,9.45,45.44,45.44
3.63,4,90,2.13,255.45,255.45
3.63,4,90,3.35,131.83,131.83
3.63,4,90,4.88,93.08,93.08
3.63,4,90,6.4,70.74,70.74
3.63,4,90,7.92,53.5,53.5
3.63,4,90,9.45,44.61,44.61
3.63,4,112.5,2.13,146.44,146.44
3.63,4,112.5,3.35,116.38,116.38
3.63,4,112.5,4.88,94.87,94.87
3.63,4,112.5,6.4,70.26,70.26
3.63,4,112.5,7.92,56.47,56.47
3.63,4,112.5,9.45,51.5,51.5
3.63,4,112.5,2.13,139.34,139.34
3.63,4,112.5,3.35,118.93,118.93
3.63,4,112.5,4.88,94.46,94.46
3.63,4,112.5,6.4,67.91,67.91
3.63,4,112.5,7.92,57.43,57.43
3.63,4,112.5,9.45,49.23,49.23
3.63,4,112.5,2.13,143.07,143.07
3.63,4,112.5,3.35,116.8,116.8
3.63,4,112.5,4.88,95.29,95.29
3.63,4,112.5,6.4,73.15,73.15
3.63,4,112.5,7.92,59.09,59.09
3.63,4,112.5,9.45,48.95,48.95
3.63,4,135,2.13,142.45,142.45
3.63,4,135,3.35,118.8,118.8
3.63,4,135,4.88,90.25,90.25
3.63,4,135,6.4,71.98,71.98
3.63,4,135,7.92,60.67,60.67
3.63,4,135,9.45,52.47,52.47
3.63,4,135,2.13,136.24,136.24
3.63,4,135,3.35,122.73,122.73
3.63,4,135,4.88,95.01,95.01
3.63,4,135,6.4,61.36,61.36
3.63,4,135,7.92,63.71,63.71
3.63,4,135,9.45,52.54,52.54
3.63,4,157.5,2.13,105.49,105.49
3.63,4,157.5,3.35,118.87,118.87
3.63,4,157.5,4.88,90.32,90.32
3.63,4,157.5,6.4,75.64,75.64
3.63,4,157.5,7.92,66.12,66.12
3.63,4,157.5,9.45,60.4,60.4
3.63,4,157.5,2.13,94.87,94.87
3.63,4,157.5,3.35,117.83,117.83
3.63,4,157.5,4.88,96.18,96.18
3.63,4,157.5,6.4,70.74,70.74
3.63,4,157.5,7.92,69.57,69.57
3.63,4,157.5,9.45,57.64,57.64
3.63,4,180,2.13,124.93,124.93
3.63,4,180,3.35,125.35,125.35
3.63,4,180,4.88,95.77,95.77
3.63,4,180,6.4,82.6,82.6
3.63,4,180,7.92,71.36,71.36
3.63,4,180,9.45,64.81,64.81
3.63,4,180,2.13,108.11,108.11
3.63,4,180,3.35,115.28,115.28
3.63,4,180,4.88,97.56,97.56
3.63,4,180,6.4,67.02,67.02
3.63,4,180,7.92,74.19,74.19
3.63,4,180,9.45,58.4,58.4
3.63,4,180,2.13,124.59,124.59
3.63,4,180,3.35,123,123
3.63,4,180,4.88,110.32,110.32
3.63,4,180,6.4,93.49,93.49
3.63,4,180,7.92,76.12,76.12
3.63,4,180,9.45,64.4,64.4
3.63,6,0,2.13,172.02,408.58
3.63,6,0,3.35,116.11,59.57
3.63,6,0,4.88,98.18,27.51
3.63,6,0,6.4,80.81,14.69
3.63,6,0,7.92,73.29,43.64
3.63,6,0,9.45,58.61,26.75
3.63,6,45,2.13,175.95,272.21
3.63,6,45,3.35,124.17,130.59
3.63,6,45,4.88,89.63,75.01
3.63,6,45,6.4,78.26,41.92
3.63,6,45,7.92,68.81,32.34
3.63,6,45,9.45,52.4,22.13
3.63,6,90,2.13,376.66,1003.26
3.63,6,90,3.35,132.31,244.76
3.63,6,90,4.88,75.5,77.91
3.63,6,90,6.4,76.88,42.4
3.63,6,90,7.92,61.29,31.37
3.63,6,90,9.45,45.37,19.99
3.63,6,90,2.13,228.01,517.52
3.63,6,90,3.35,118.38,236.7
3.63,6,90,4.88,95.7,82.19
3.63,6,90,6.4,68.33,50.95
3.63,6,90,7.92,54.4,28.27
3.63,6,90,9.45,38.96,18
3.63,6,135,2.13,136.72,259.93
3.63,6,135,3.35,108.59,120.66
3.63,6,135,4.88,91.36,63.85
3.63,6,135,6.4,70.95,43.44
3.63,6,135,7.92,58.47,28.34
3.63,6,135,9.45,46.19,20.82
3.63,6,180,2.13,124.38,169.89
3.63,6,180,3.35,120.38,47.71
3.63,6,180,4.88,112.94,20.82
3.63,6,180,6.4,90.05,59.85
3.63,6,180,7.92,73.91,33.23
3.63,6,180,9.45,50.68,22.68
7.26,1,0,3.35,458.98,794.83
7.26,1,0,4.88,190.43,293.37
7.26,1,0,6.4,149.27,94.67
7.26,1,0,7.92,130.93,52.4
7.26,1,0,9.45,97.22,28.54
7.26,1,90,3.35,166.65,345.43
7.26,1,90,4.88,120.45,103.28
7.26,1,90,6.4,107.7,53.3
7.26,1,90,7.92,95.15,39.85
7.26,1,90,9.45,76.12,25.99
7.26,1,90,3.35,162.23,316.81
7.26,1,90,4.88,127.83,98.04
7.26,1,90,6.4,103.63,60.67
7.26,1,90,7.92,87.7,34.27
7.26,1,90,9.45,66.33,24.13
7.26,1,180,3.35,223.25,455.74
7.26,1,180,4.88,126.86,144.17
7.26,1,180,6.4,122.59,63.29
7.26,1,180,7.92,103.7,33.72
7.26,1,180,9.45,73.08,21.24
7.26,4,0,3.35,172.58,192.43
7.26,4,0,4.88,126.59,64.19
7.26,4,0,6.4,129.97,32.13
7.26,4,0,7.92,107.7,16.75
7.26,4,0,9.45,83.7,14.13
7.26,4,90,3.35,235.39,343.63
7.26,4,90,4.88,123.28,118.73
7.26,4,90,6.4,115.69,66.26
7.26,4,90,7.92,92.67,48.81
7.26,4,90,9.45,70.26,30.68
7.26,4,90,3.35,220.15,463.33
7.26,4,90,4.88,148.38,139.48
7.26,4,90,6.4,116.18,81.01
7.26,4,90,7.92,87.84,44.13
7.26,4,90,9.45,52.47,25.03
7.26,4,180,3.35,174.64,130.86
7.26,4,180,4.88,147.41,44.82
7.26,4,180,6.4,116.94,26.61
7.26,4,180,7.92,102.46,16.06
7.26,4,180,9.45,69.71,10.89
